DATE,CPI,Unemployment,InterestRate,M2,Treasury10Y,OilPrice,PPI,RetailSales,Sentiment,Employment,HousingStarts,CPI_inflation_mom,CPI_inflation_yoy,target_yoy_t_plus_1
1986-01-01,109.6,6.7,8.14,2502.1,9.19,22.925454545454546,103.2,,95.6,98732.0,1972.0,0.2744739249771255,3.8862559241706007,3.113207547169816
1986-02-01,109.3,7.2,7.86,2512.9,8.7,15.454736842105262,101.7,,95.9,98847.0,1848.0,-0.27372262773722733,3.113207547169816,2.2556390977443552
1986-03-01,108.8,7.2,7.48,2533.1,7.78,12.6125,100.3,,95.1,98934.0,1876.0,-0.45745654162854255,2.2556390977443552,1.5902712815715425
1986-04-01,108.6,7.1,6.99,2557.8,7.3,12.843636363636364,99.6,,96.2,99121.0,1933.0,-0.18382352941176405,1.5902712815715425,1.491146318732528
1986-05-01,108.9,7.2,6.85,2584.8,7.71,15.377619047619048,100.0,,94.8,99248.0,1854.0,0.2762430939226679,1.491146318732528,1.7657992565055736
1986-06-01,109.5,7.2,6.92,2605.0,7.8,13.425714285714283,99.9,,99.3,99155.0,1847.0,0.5509641873278293,1.7657992565055736,1.5769944341373021
1986-07-01,109.5,7.0,6.56,2626.6,7.3,11.584545454545456,99.4,,97.7,99473.0,1782.0,0.0,1.5769944341373021,1.5740740740740833
1986-08-01,109.7,6.9,6.17,2646.5,7.17,15.096666666666666,99.3,,94.9,99588.0,1807.0,0.18264840182649067,1.5740740740740833,1.7543859649122862
1986-09-01,110.2,7.0,5.89,2667.8,7.45,14.866666666666664,99.4,,91.9,99934.0,1687.0,0.45578851412944044,1.7543859649122862,1.4719411223550916
1986-10-01,110.3,7.0,5.85,2687.4,7.43,14.896818181818183,99.7,,95.6,100121.0,1681.0,0.09074410163338875,1.4719411223550916,1.2844036697247763
1986-11-01,110.4,6.9,6.04,2701.3,7.25,15.22157894736842,99.8,,91.4,100308.0,1623.0,0.09066183136900996,1.2844036697247763,1.097895699908502
1986-12-01,110.5,6.6,6.91,2728.0,7.11,16.107619047619046,99.7,,89.1,100509.0,1833.0,0.09057971014492239,1.097895699908502,1.4598540145985384
1987-01-01,111.2,6.6,6.43,2743.9,7.08,18.65142857142857,100.5,,90.4,100678.0,1774.0,0.6334841628959254,1.4598540145985384,2.1043000914912957
1987-02-01,111.6,6.6,6.1,2747.5,7.25,17.748947368421053,101.0,,90.2,100919.0,1784.0,0.3597122302158251,2.1043000914912957,3.0330882352941124
1987-03-01,112.1,6.6,6.13,2753.7,7.25,18.302857142857142,101.2,,90.8,101164.0,1726.0,0.44802867383513245,3.0330882352941124,3.7753222836095945
1987-04-01,112.7,6.3,6.37,2767.7,8.02,18.677142857142854,101.9,,92.8,101499.0,1614.0,0.535236396074934,3.7753222836095945,3.8567493112947604
1987-05-01,113.1,6.3,6.85,2772.9,8.61,19.4375,102.6,,91.1,101728.0,1628.0,0.3549245785270605,3.8567493112947604,3.65296803652968
1987-06-01,113.5,6.2,6.73,2774.6,8.4,20.07318181818182,103.0,,91.5,101900.0,1594.0,0.35366931918656697,3.65296803652968,3.926940639269394
1987-07-01,113.8,6.1,6.58,2779.0,8.45,21.34217391304348,103.5,,93.7,102247.0,1575.0,0.2643171806167466,3.926940639269394,4.284412032816776
1987-08-01,114.4,6.0,6.73,2788.2,8.76,20.310952380952383,103.8,,94.4,102420.0,1605.0,0.5272407732864748,4.284412032816776,4.355716878402904
1987-09-01,115.0,5.9,7.22,2799.5,9.42,19.53,103.7,,93.6,102647.0,1695.0,0.5244755244755206,4.355716878402904,4.533091568449676
1987-10-01,115.3,6.0,7.29,2814.8,9.52,19.85909090909091,104.1,,89.3,103138.0,1515.0,0.2608695652173809,4.533091568449676,4.528985507246386
1987-11-01,115.4,5.8,6.69,2818.9,8.86,18.854,104.2,,83.1,103372.0,1656.0,0.08673026886383273,4.528985507246386,4.4343891402715
1987-12-01,115.4,5.7,6.77,2826.4,8.99,17.274545454545457,104.2,,86.8,103661.0,1400.0,0.0,4.4343891402715,4.046762589928066
1988-01-01,115.7,5.7,6.83,2847.4,8.67,17.1295,104.6,,90.8,103753.0,1271.0,0.25996533795493715,4.046762589928066,3.942652329749108
1988-02-01,116.0,5.7,6.58,2870.4,8.21,16.795714285714286,104.8,,91.6,104214.0,1473.0,0.2592912705272177,3.942652329749108,3.9250669045495234
1988-03-01,116.5,5.7,6.58,2890.7,8.37,16.197391304347825,104.9,,94.6,104489.0,1532.0,0.4310344827586299,3.9250669045495234,3.9041703637976877
1988-04-01,117.1,5.4,6.87,2910.7,8.72,17.8625,105.8,,91.2,104732.0,1573.0,0.5150214592274605,3.9041703637976877,3.89036251105217
1988-05-01,117.5,5.6,7.09,2926.0,9.09,17.423636363636362,106.5,,94.8,104962.0,1421.0,0.3415883859948732,3.89036251105217,3.96475770925111
1988-06-01,118.0,5.4,7.51,2938.4,8.92,16.527727272727272,107.2,,94.7,105326.0,1478.0,0.42553191489360653,3.96475770925111,4.130052724077338
1988-07-01,118.5,5.4,7.75,2947.2,9.06,15.4975,107.9,,93.4,105550.0,1467.0,0.4237288135593209,4.130052724077338,4.020979020979021
1988-08-01,119.0,5.6,8.01,2952.0,9.26,15.523478260869569,108.0,,97.4,105674.0,1493.0,0.42194092827003704,4.020979020979021,4.17391304347825
1988-09-01,119.8,5.4,8.19,2956.9,8.98,14.535454545454543,108.1,,97.3,106013.0,1492.0,0.6722689075630228,4.17391304347825,4.249783174327848
1988-10-01,120.2,5.4,8.3,2965.3,8.8,13.770476190476192,108.2,,94.1,106276.0,1522.0,0.33388981636059967,4.249783174327848,4.246100519930662
1988-11-01,120.3,5.3,8.35,2980.2,8.96,14.141363636363636,108.3,,93.0,106617.0,1569.0,0.08319467554076532,4.246100519930662,4.419410745233954
1988-12-01,120.5,5.3,8.76,2988.2,9.11,16.382380952380952,109.0,,91.9,106898.0,1563.0,0.16625103906899863,4.419410745233954,4.667242869490051
1989-01-01,121.1,5.4,9.12,2991.7,9.09,18.024285714285718,110.5,,97.9,107161.0,1621.0,0.49792531120331773,4.667242869490051,4.827586206896539
1989-02-01,121.6,5.2,9.36,2992.2,9.17,17.936500000000002,110.8,,95.4,107427.0,1425.0,0.41288191577208977,4.827586206896539,4.978540772532192
1989-03-01,122.3,5.0,9.85,2999.7,9.36,19.48409090909091,111.5,,94.3,107621.0,1422.0,0.5756578947368363,4.978540772532192,5.123825789923142
1989-04-01,123.1,5.2,9.84,3006.0,9.18,21.069,112.3,,91.5,107791.0,1339.0,0.6541291905151292,5.123825789923142,5.361702127659562
1989-05-01,123.8,5.2,9.81,3011.6,8.86,20.123478260869565,113.2,,90.7,107913.0,1331.0,0.5686433793663737,5.361702127659562,5.1694915254237195
1989-06-01,124.1,5.3,9.53,3027.9,8.28,20.050454545454546,112.9,,90.6,108027.0,1397.0,0.24232633279481774,5.1694915254237195,4.978902953586495
1989-07-01,124.4,5.2,9.24,3052.4,8.02,19.78142857142857,112.8,,92.0,108069.0,1427.0,0.241740531829171,4.978902953586495,4.705882352941182
1989-08-01,124.6,5.2,8.99,3074.4,8.11,18.577826086956524,112.0,,89.6,108120.0,1332.0,0.1607717041800516,4.705882352941182,4.340567612687818
1989-09-01,125.0,5.3,9.02,3092.5,8.19,19.591428571428573,112.4,,95.8,108369.0,1279.0,0.32102728731941976,4.340567612687818,4.492512479201327
1989-10-01,125.6,5.3,8.84,3114.1,8.01,20.097727272727276,112.8,,93.9,108476.0,1410.0,0.47999999999999154,4.492512479201327,4.655029093931851
1989-11-01,125.9,5.4,8.55,3133.3,7.87,19.85590909090909,112.7,,90.9,108752.0,1351.0,0.23885350318473275,4.655029093931851,4.647302904564321
1989-12-01,126.1,5.4,8.45,3152.5,7.84,21.1,113.0,,90.5,108836.0,1251.0,0.1588562351072298,4.647302904564321,5.202312138728327
1990-01-01,127.4,5.4,8.23,3166.8,8.21,22.86318181818182,114.9,,93.0,109196.0,1551.0,1.030927835051565,5.202312138728327,5.263157894736836
1990-02-01,128.0,5.3,8.24,3179.2,8.47,22.113,114.4,,89.5,109436.0,1437.0,0.47095761381474865,5.263157894736836,5.233033524121011
1990-03-01,128.7,5.2,8.28,3190.1,8.59,20.387727272727275,114.2,,91.3,109640.0,1289.0,0.5468749999999911,5.233033524121011,4.711616571892785
1990-04-01,128.9,5.4,8.26,3201.6,8.79,18.4255,114.1,,93.9,109674.0,1248.0,0.15540015540016494,4.711616571892785,4.3618739903069415
1990-05-01,129.2,5.4,8.18,3200.6,8.76,18.19954545454545,114.6,,90.6,109828.0,1212.0,0.23273855702092838,4.3618739903069415,4.673650282030639
1990-06-01,129.9,5.2,8.29,3213.7,8.48,16.695238095238096,114.3,,88.3,109850.0,1177.0,0.5417956656346812,4.673650282030639,4.8231511254019255
1990-07-01,130.4,5.5,8.15,3224.5,8.47,18.454090909090908,114.5,,88.2,109815.0,1171.0,0.38491147036181506,4.8231511254019255,5.617977528089879
1990-08-01,131.6,5.7,8.13,3242.0,8.75,27.307391304347828,116.5,,76.4,109607.0,1115.0,0.9202453987730008,5.617977528089879,6.159999999999988
1990-09-01,132.7,5.9,8.2,3254.6,8.89,33.5075,118.4,,72.8,109522.0,1110.0,0.8358662613981771,6.159999999999988,6.289808917197459
1990-10-01,133.5,5.9,8.11,3259.3,8.72,36.039565217391306,120.8,,63.9,109377.0,1014.0,0.6028636021100375,6.289808917197459,6.27482128673551
1990-11-01,133.8,6.2,7.81,3262.6,8.39,32.33227272727272,120.1,,66.0,109222.0,1145.0,0.22471910112360494,6.27482128673551,6.10626486915149
1990-12-01,133.8,6.3,7.31,3271.8,8.08,27.281,118.7,,65.5,109168.0,969.0,0.0,6.10626486915149,5.651491365777073
1991-01-01,134.6,6.4,6.91,3287.7,8.09,25.23409090909091,119.0,,66.8,109058.0,798.0,0.5979073243647104,5.651491365777073,5.312500000000009
1991-02-01,134.8,6.6,6.25,3304.5,7.85,20.4775,117.2,,70.4,108735.0,965.0,0.14858841010403356,5.312500000000009,4.895104895104896
1991-03-01,135.0,6.8,6.12,3321.9,8.11,19.9015,116.2,,87.7,108568.0,921.0,0.14836795252224366,4.895104895104896,4.8875096974398735
1991-04-01,135.2,6.7,5.91,3332.4,8.04,20.83,116.0,,81.8,108350.0,1001.0,0.1481481481481417,4.8875096974398735,4.953560371517041
1991-05-01,135.6,6.9,5.78,3343.0,8.07,21.23227272727273,116.5,,78.3,108253.0,996.0,0.2958579881656931,4.953560371517041,4.695919938414161
1991-06-01,136.0,6.9,5.9,3351.9,8.28,20.189,116.4,,82.1,108330.0,1036.0,0.2949852507374784,4.695919938414161,4.447852760736182
1991-07-01,136.2,6.8,5.82,3356.1,8.27,21.40304347826087,116.1,,82.9,108290.0,1063.0,0.14705882352941124,4.447852760736182,3.7993920972644313
1991-08-01,136.6,6.9,5.66,3355.0,7.9,21.69363636363636,116.2,,82.0,108300.0,1049.0,0.2936857562408246,3.7993920972644313,3.3911077618688834
1991-09-01,137.2,6.9,5.45,3354.9,7.65,21.8865,116.1,,83.0,108335.0,1015.0,0.43923865300146137,3.3911077618688834,2.921348314606753
1991-10-01,137.4,7.0,5.21,3360.1,7.53,23.23086956521739,116.4,,78.3,108361.0,1079.0,0.1457725947521915,2.921348314606753,2.9895366218236186
1991-11-01,137.8,7.0,4.81,3365.5,7.42,22.46095238095238,116.4,,69.1,108300.0,1103.0,0.29112081513829047,2.9895366218236186,3.064275037369213
1991-12-01,137.9,7.3,4.43,3372.2,7.09,19.49809523809524,115.9,,68.2,108330.0,1079.0,0.07256894049345597,3.064275037369213,2.600297176820199
1992-01-01,138.1,7.3,4.03,3381.2,7.03,18.785454545454545,115.6,142419.0,67.5,108365.0,1176.0,0.14503263234226793,2.600297176820199,2.8189910979228294
1992-02-01,138.6,7.4,4.06,3400.0,7.34,19.0125,116.0,142584.0,68.8,108312.0,1250.0,0.3620564808110016,2.8189910979228294,3.185185185185202
1992-03-01,139.3,7.4,3.98,3403.9,7.54,18.921818181818185,116.1,142120.0,76.0,108367.0,1297.0,0.5050505050505194,3.185185185185202,3.1804733727810675
1992-04-01,139.5,7.4,3.73,3399.7,7.48,20.23,116.3,143659.0,77.2,108516.0,1099.0,0.143575017946862,3.1804733727810675,3.0235988200590036
1992-05-01,139.7,7.6,3.82,3398.6,7.39,20.9755,117.2,144239.0,79.2,108646.0,1214.0,0.14336917562722817,3.0235988200590036,3.088235294117636
1992-06-01,140.2,7.8,3.76,3393.4,7.26,22.384545454545453,118.0,145273.0,80.4,108706.0,1145.0,0.35790980672869566,3.088235294117636,3.1571218795888534
1992-07-01,140.5,7.7,3.25,3393.9,6.84,21.77521739130435,117.9,146743.0,76.6,108793.0,1139.0,0.21398002853068032,3.1571218795888534,3.1478770131771583
1992-08-01,140.9,7.6,3.3,3398.8,6.59,21.33904761904762,117.7,146070.0,76.1,108916.0,1226.0,0.2846975088967918,3.1478770131771583,2.988338192419837
1992-09-01,141.3,7.6,3.22,3410.3,6.42,21.881363636363638,118.0,147932.0,75.6,108951.0,1186.0,0.2838892831795725,2.988338192419837,3.2023289665211063
1992-10-01,141.8,7.3,3.1,3423.8,6.59,21.68590909090909,118.1,149346.0,73.3,109139.0,1244.0,0.35385704175512345,3.2023289665211063,3.0478955007256836
1992-11-01,142.0,7.4,3.09,3426.5,6.87,20.3385,117.8,149131.0,85.3,109283.0,1214.0,0.14104372355430161,3.0478955007256836,2.9006526468455363
1992-12-01,141.9,7.4,2.92,3424.7,6.77,19.41409090909091,117.6,150578.0,91.0,109502.0,1227.0,-0.07042253521126751,2.9006526468455363,3.258508327299059
1993-01-01,142.6,7.3,3.02,3419.1,6.6,19.032,118.0,152329.0,89.3,109790.0,1210.0,0.49330514446792595,3.258508327299059,3.2467532467532534
1993-02-01,143.1,7.1,3.03,3414.5,6.26,20.086111111111112,118.4,151742.0,86.6,110047.0,1210.0,0.3506311360448766,3.2467532467532534,3.086862885857844
1993-03-01,143.6,7.0,3.07,3411.7,5.98,20.32217391304348,118.7,150525.0,85.9,110004.0,1083.0,0.34940600978337066,3.086862885857844,3.2258064516129004
1993-04-01,144.0,7.1,2.96,3411.3,5.97,20.2525,119.3,154720.0,85.6,110300.0,1258.0,0.278551532033422,3.2258064516129004,3.2211882605583497
1993-05-01,144.2,7.1,3.0,3436.9,6.04,19.9495,119.7,155537.0,80.3,110571.0,1260.0,0.1388888888888884,3.2211882605583497,2.9957203994293913
1993-06-01,144.4,7.0,3.04,3442.4,5.96,19.09409090909091,119.5,155353.0,81.5,110742.0,1280.0,0.1386962552011317,2.9957203994293913,2.77580071174377
1993-07-01,144.4,6.9,3.06,3442.0,5.81,17.89,119.2,158267.0,77.0,111054.0,1254.0,0.0,2.77580071174377,2.767920511000721
1993-08-01,144.8,6.8,3.03,3445.7,5.68,18.01090909090909,118.7,157425.0,77.3,111200.0,1300.0,0.27700831024930483,2.767920511000721,2.689313517338987
1993-09-01,145.1,6.7,3.09,3452.2,5.36,17.504285714285714,118.7,158535.0,77.9,111448.0,1343.0,0.2071823204419676,2.689313517338987,2.7503526093088704
1993-10-01,145.7,6.8,2.99,3456.7,5.33,18.15333333333333,119.1,159773.0,82.7,111734.0,1392.0,0.4135079255685792,2.7503526093088704,2.6760563380281877
1993-11-01,145.8,6.6,3.02,3470.1,5.72,16.60904761904762,119.0,162004.0,81.2,111987.0,1376.0,0.0686341798215695,2.6760563380281877,2.748414376321362
1993-12-01,145.8,6.5,2.96,3474.5,5.77,14.514761904761905,118.6,163258.0,88.2,112325.0,1533.0,0.0,2.748414376321362,2.524544179523147
1994-01-01,146.2,6.6,3.05,3474.9,5.75,15.026666666666667,119.1,162369.0,94.3,112601.0,1272.0,0.274348422496562,2.524544179523147,2.515723270440251
1994-02-01,146.7,6.6,3.25,3475.7,5.97,14.78105263157895,119.3,165075.0,93.2,112782.0,1337.0,0.3419972640218871,2.515723270440251,2.506963788300842
1994-03-01,147.2,6.5,3.34,3480.1,6.48,14.680869565217392,119.7,168330.0,91.5,113245.0,1564.0,0.3408316291751978,2.506963788300842,2.361111111111125
1994-04-01,147.4,6.4,3.56,3481.3,6.97,16.419999999999998,119.7,168262.0,92.6,113589.0,1465.0,0.13586956521740579,2.361111111111125,2.288488210818307
1994-05-01,147.5,6.1,4.01,3490.8,7.18,17.88904761904762,119.9,167412.0,92.8,113922.0,1526.0,0.06784260515604323,2.288488210818307,2.4930747922437657
1994-06-01,148.0,6.1,4.25,3479.5,7.1,19.06,120.5,169337.0,91.2,114239.0,1409.0,0.3389830508474523,2.4930747922437657,2.7700831024930705
1994-07-01,148.4,6.1,4.26,3488.2,7.3,19.6545,120.7,169514.0,89.0,114608.0,1439.0,0.2702702702702675,2.7700831024930705,2.900552486187835
1994-08-01,149.0,6.0,4.47,3485.7,7.24,18.38347826086957,121.2,172332.0,91.7,114902.0,1450.0,0.40431266846361336,2.900552486187835,2.963473466574773
1994-09-01,149.4,5.9,4.73,3486.1,7.46,17.445714285714285,121.0,174018.0,91.5,115246.0,1474.0,0.26845637583892135,2.963473466574773,2.6080988332189525
1994-10-01,149.5,5.8,4.76,3484.3,7.74,17.716190476190476,120.9,175309.0,92.7,115457.0,1450.0,0.0669344042838027,2.6080988332189525,2.674897119341546
1994-11-01,149.7,5.6,5.29,3487.2,7.96,18.0695,121.5,175761.0,91.6,115867.0,1511.0,0.13377926421402897,2.674897119341546,2.674897119341546
1994-12-01,149.7,5.5,5.45,3486.4,7.81,17.15952380952381,121.9,176168.0,95.1,116174.0,1455.0,0.0,2.674897119341546,2.8043775649794878
1995-01-01,150.3,5.6,5.53,3492.4,7.78,18.039523809523807,122.9,177136.0,97.6,116505.0,1407.0,0.40080160320643543,2.8043775649794878,2.862985685071595
1995-02-01,150.9,5.4,5.92,3489.9,7.47,18.57,123.5,174560.0,95.1,116694.0,1316.0,0.39920159680637557,2.862985685071595,2.853260869565233
1995-03-01,151.4,5.4,5.98,3491.1,7.2,18.539130434782606,123.9,176376.0,90.3,116908.0,1249.0,0.3313452617627499,2.853260869565233,3.0529172320217013
1995-04-01,151.9,5.8,6.05,3499.2,7.06,19.89631578947368,124.6,176353.0,92.5,117066.0,1267.0,0.33025099075296716,3.0529172320217013,3.186440677966096
1995-05-01,152.2,5.6,6.01,3524.2,6.63,19.741818181818186,124.9,179020.0,89.8,117046.0,1314.0,0.19749835418036987,3.186440677966096,3.0405405405405483
1995-06-01,152.5,5.6,6.0,3548.9,6.17,18.44590909090909,125.3,181382.0,92.7,117291.0,1281.0,0.1971090670170872,3.0405405405405483,2.7628032345013542
1995-07-01,152.5,5.7,5.85,3567.4,6.28,17.325499999999998,125.3,180019.0,94.4,117382.0,1461.0,0.0,2.7628032345013542,2.6174496644295386
1995-08-01,152.9,5.7,5.74,3589.0,6.49,18.020869565217392,125.1,181787.0,96.2,117646.0,1416.0,0.2622950819672232,2.6174496644295386,2.5435073627844584
1995-09-01,153.2,5.6,5.8,3602.1,6.2,18.2255,125.2,182074.0,88.9,117873.0,1369.0,0.19620667102679956,2.5435073627844584,2.809364548494986
1995-10-01,153.7,5.5,5.76,3613.4,6.04,17.43318181818182,125.3,181411.0,90.2,118026.0,1369.0,0.32637075718016106,2.809364548494986,2.605210420841697
1995-11-01,153.6,5.6,5.8,3619.9,5.93,17.9925,125.4,184327.0,88.2,118165.0,1452.0,-0.06506180871828082,2.605210420841697,2.5384101536406245
1995-12-01,153.5,5.6,5.6,3629.5,5.71,19.0265,125.7,184841.0,91.0,118325.0,1431.0,-0.06510416666666297,2.5384101536406245,2.727877578176985
1996-01-01,154.4,5.6,5.56,3647.9,5.65,18.854545454545452,126.3,184636.0,89.3,118317.0,1467.0,0.5863192182410382,2.727877578176985,2.6507620941020438
1996-02-01,154.9,5.5,5.22,3661.8,5.81,19.0935,126.2,187576.0,88.5,118738.0,1491.0,0.32383419689119286,2.6507620941020438,2.840158520475544
1996-03-01,155.7,5.5,5.31,3686.9,6.27,21.33238095238095,126.4,188237.0,93.7,118992.0,1424.0,0.5164622336991442,2.840158520475544,2.896642527978943
1996-04-01,156.3,5.6,5.22,3697.7,6.51,23.497142857142855,127.4,189778.0,92.7,119158.0,1516.0,0.3853564547206423,2.896642527978943,2.890932982917227
1996-05-01,156.6,5.6,5.24,3709.6,6.74,21.165454545454544,128.1,191544.0,89.4,119497.0,1504.0,0.19193857965449368,2.890932982917227,2.7540983606557212
1996-06-01,156.7,5.3,5.27,3722.5,6.91,20.4235,128.0,189960.0,92.4,119770.0,1467.0,0.06385696040867028,2.7540983606557212,2.9508196721311553
1996-07-01,157.0,5.5,5.4,3737.1,6.87,21.30227272727273,128.0,191113.0,94.7,120019.0,1472.0,0.19144862795150708,2.9508196721311553,2.877697841726623
1996-08-01,157.3,5.1,5.22,3744.0,6.64,21.903181818181817,128.3,191139.0,95.3,120198.0,1557.0,0.19108280254778176,2.877697841726623,3.0026109660574507
1996-09-01,157.8,5.2,5.3,3753.4,6.83,23.9715,128.2,193303.0,94.7,120400.0,1475.0,0.31786395422759295,3.0026109660574507,2.9928432010410067
1996-10-01,158.3,5.2,5.24,3772.8,6.53,24.87913043478261,128.0,195420.0,96.5,120665.0,1392.0,0.3168567807350975,2.9928432010410067,3.255208333333326
1996-11-01,158.6,5.4,5.31,3795.1,6.2,23.705,128.2,194860.0,99.2,120947.0,1489.0,0.18951358180667732,3.255208333333326,3.322475570032579
1996-12-01,158.6,5.4,5.29,3818.6,6.3,25.228571428571428,129.1,195318.0,96.9,121143.0,1370.0,0.0,3.322475570032579,3.0440414507771907
1997-01-01,159.1,5.3,5.25,3834.6,6.58,25.13181818181818,129.7,197447.0,97.4,121356.0,1355.0,0.31525851197982124,3.0440414507771907,3.034215622982561
1997-02-01,159.6,5.2,5.19,3846.3,6.42,22.176315789473687,128.5,198891.0,99.7,121673.0,1486.0,0.314267756128217,3.034215622982561,2.7617212588310958
1997-03-01,160.0,5.2,5.39,3861.2,6.69,20.965,127.3,200352.0,100.0,121991.0,1457.0,0.25062656641603454,2.7617212588310958,2.4952015355086177
1997-04-01,160.2,5.1,5.51,3877.0,6.89,19.695454545454545,127.0,197212.0,101.4,122289.0,1492.0,0.12499999999999734,2.4952015355086177,2.2349936143039484
1997-05-01,160.1,4.9,5.5,3889.2,6.71,20.81904761904762,127.4,196937.0,103.2,122560.0,1442.0,-0.06242197253433224,2.2349936143039484,2.2973835354180183
1997-06-01,160.3,5.0,5.56,3906.0,6.49,19.26,127.2,199311.0,104.5,122816.0,1494.0,0.12492192379762734,2.2973835354180183,2.2292993630573354
1997-07-01,160.5,4.9,5.52,3923.9,6.22,19.663636363636364,126.9,201751.0,107.1,123114.0,1437.0,0.12476606363067688,2.2292993630573354,2.2250476795931284
1997-08-01,160.8,4.8,5.54,3957.4,6.3,19.95285714285714,127.2,201892.0,104.4,123087.0,1390.0,0.18691588785046953,2.2250476795931284,2.154626108998725
1997-09-01,161.2,4.9,5.54,3973.1,6.21,19.80333333333333,127.5,202992.0,106.0,123575.0,1546.0,0.24875621890545485,2.154626108998725,2.0846493998736504
1997-10-01,161.6,4.7,5.5,3992.3,6.03,21.32521739130435,127.8,203055.0,105.6,123924.0,1520.0,0.24813895781639062,2.0846493998736504,1.828499369482972
1997-11-01,161.5,4.6,5.52,4014.8,5.88,20.19388888888889,127.9,202778.0,107.2,124225.0,1510.0,-0.061881188118806385,1.828499369482972,1.7023959646910614
1997-12-01,161.3,4.7,5.5,4032.9,5.81,18.332727272727272,126.8,203837.0,102.1,124549.0,1566.0,-0.12383900928791824,1.7023959646910614,1.5713387806411072
1998-01-01,161.6,4.6,5.56,4056.2,5.54,16.724,125.4,204505.0,106.6,124806.0,1525.0,0.18598884066955979,1.5713387806411072,1.441102756892243
1998-02-01,161.9,4.6,5.51,4088.9,5.57,16.06,125.0,204207.0,110.4,125017.0,1584.0,0.18564356435644136,1.441102756892243,1.374999999999993
1998-03-01,162.2,4.7,5.49,4114.3,5.65,15.115454545454549,124.7,205311.0,106.5,125165.0,1567.0,0.18529956763433386,1.374999999999993,1.4357053682896526
1998-04-01,162.5,4.3,5.45,4140.2,5.64,15.353809523809524,124.9,208683.0,108.7,125445.0,1540.0,0.18495684340320562,1.4357053682896526,1.6864459712679691
1998-05-01,162.8,4.4,5.49,4164.4,5.65,14.914,125.1,209165.0,106.5,125845.0,1536.0,0.18461538461538307,1.6864459712679691,1.6843418590143378
1998-06-01,163.0,4.5,5.56,4184.1,5.5,13.72181818181818,124.8,211222.0,105.6,126076.0,1641.0,0.12285012285011554,1.6843418590143378,1.6822429906542036
1998-07-01,163.2,4.5,5.54,4203.8,5.46,14.172727272727274,124.9,209658.0,105.2,126212.0,1698.0,0.12269938650306678,1.6822429906542036,1.6169154228855787
1998-08-01,163.4,4.5,5.55,4228.7,5.34,13.47190476190476,124.2,207737.0,104.4,126546.0,1614.0,0.1225490196078427,1.6169154228855787,1.488833746898277
1998-09-01,163.6,4.6,5.51,4267.7,4.81,15.031428571428572,123.8,210112.0,100.9,126744.0,1582.0,0.1223990208078174,1.488833746898277,1.4851485148514865
1998-10-01,164.0,4.5,5.07,4307.9,4.53,14.460909090909093,124.0,213794.0,97.4,126949.0,1715.0,0.24449877750611915,1.4851485148514865,1.5479876160990669
1998-11-01,164.0,4.4,4.83,4346.6,4.83,13.002105263157894,123.6,215194.0,102.7,127222.0,1660.0,0.0,1.5479876160990669,1.6119032858028515
1998-12-01,163.9,4.4,4.68,4375.6,4.65,11.347272727272726,122.8,217396.0,100.5,127595.0,1792.0,-0.060975609756097615,1.6119032858028515,1.6707920792079278
1999-01-01,164.3,4.3,4.63,4403.0,4.72,12.514736842105265,122.9,217930.0,103.9,127699.0,1748.0,0.24405125076265577,1.6707920792079278,1.6059295861643008
1999-02-01,164.5,4.4,4.76,4425.8,5.0,12.013684210526316,122.3,220769.0,108.1,128117.0,1670.0,0.12172854534386879,1.6059295861643008,1.7262638717632672
1999-03-01,165.0,4.2,4.81,4432.6,5.23,14.676521739130434,122.6,222199.0,105.7,128234.0,1710.0,0.3039513677811634,1.7262638717632672,2.2769230769230653
1999-04-01,166.2,4.3,4.74,4461.4,5.18,17.312380952380952,123.6,223837.0,104.6,128595.0,1553.0,0.7272727272727098,2.2769230769230653,2.088452088452075
1999-05-01,166.2,4.2,4.74,4486.1,5.54,17.7185,124.7,225577.0,106.8,128813.0,1611.0,0.0,2.088452088452075,1.9631901840490684
1999-06-01,166.2,4.3,4.76,4508.0,5.9,17.923181818181817,125.2,226474.0,107.3,129084.0,1559.0,0.0,1.9631901840490684,2.1446078431372584
1999-07-01,166.7,4.3,4.99,4535.4,5.79,20.10333333333333,125.7,228424.0,106.0,129422.0,1669.0,0.30084235860408093,2.1446078431372584,2.2643818849449104
1999-08-01,167.1,4.2,5.07,4552.7,5.94,21.27863636363636,126.9,230902.0,104.5,129572.0,1648.0,0.23995200959807672,2.2643818849449104,2.6283618581907087
1999-09-01,167.9,4.2,5.22,4568.8,5.92,23.796666666666667,128.0,231912.0,107.2,129771.0,1635.0,0.4787552363854086,2.6283618581907087,2.5609756097561
1999-10-01,168.2,4.1,5.2,4592.7,6.11,22.69142857142857,127.7,231254.0,103.2,130178.0,1608.0,0.17867778439546456,2.5609756097561,2.6219512195122086
1999-11-01,168.3,4.1,5.42,4611.8,6.03,25.00238095238095,128.3,234425.0,107.2,130466.0,1648.0,0.059453032104661574,2.6219512195122086,2.684563758389258
1999-12-01,168.3,4.0,5.3,4639.3,6.28,26.10238095238095,127.8,239589.0,105.4,130783.0,1708.0,0.0,2.684563758389258,2.738892270237381
2000-01-01,168.8,4.0,5.45,4667.6,6.66,27.259473684210523,128.3,237541.0,112.0,131011.0,1636.0,0.2970885323826611,2.738892270237381,3.221884498480243
2000-02-01,169.8,4.1,5.73,4680.9,6.52,29.366000000000003,129.8,241541.0,111.3,131120.0,1737.0,0.5924170616113722,3.221884498480243,3.7575757575757596
2000-03-01,171.2,4.0,5.85,4711.7,6.26,29.84173913043478,130.8,244533.0,107.1,131604.0,1604.0,0.8244994110718329,3.7575757575757596,3.0685920577617543
2000-04-01,171.3,3.8,6.02,4767.8,5.99,25.722105263157896,130.7,239552.0,109.2,131884.0,1626.0,0.05841121495329116,3.0685920577617543,3.1889290012033777
2000-05-01,171.5,4.0,6.27,4755.7,6.44,28.78818181818182,131.6,241546.0,110.7,132105.0,1575.0,0.11675423234092097,3.1889290012033777,3.73044524669075
2000-06-01,172.4,4.0,6.53,4773.6,6.1,31.82227272727273,133.8,243226.0,106.4,132063.0,1559.0,0.5247813411078717,3.73044524669075,3.659268146370742
2000-07-01,172.8,4.0,6.54,4791.3,6.05,29.69684210526316,133.7,240979.0,108.3,132228.0,1463.0,0.23201856148491462,3.659268146370742,3.4111310592459754
2000-08-01,172.8,4.1,6.5,4819.5,5.83,31.26391304347826,132.9,242318.0,107.3,132234.0,1541.0,0.0,3.4111310592459754,3.4544371649791517
2000-09-01,173.7,3.9,6.52,4855.2,5.8,33.884,134.7,245520.0,106.8,132337.0,1507.0,0.5208333333333259,3.4544371649791517,3.4482758620689724
2000-10-01,174.0,3.9,6.51,4871.3,5.74,33.108636363636364,135.4,245399.0,105.8,132352.0,1549.0,0.17271157167531026,3.4482758620689724,3.446226975638722
2000-11-01,174.1,3.9,6.51,4882.7,5.72,34.417142857142856,135.0,243846.0,107.6,132556.0,1551.0,0.057471264367814356,3.446226975638722,3.3868092691621943
2000-12-01,174.0,3.9,6.4,4927.6,5.24,28.4365,136.2,243844.0,98.4,132716.0,1532.0,-0.057438253877073464,3.3868092691621943,3.7322274881516515
2001-01-01,175.1,4.2,5.98,4978.3,5.16,29.58571428571428,140.0,247339.0,94.7,132703.0,1600.0,0.6321839080459801,3.7322274881516515,3.5335689045936425
2001-02-01,175.8,4.2,5.49,5017.0,5.1,29.609473684210528,137.4,247289.0,90.6,132788.0,1625.0,0.3997715591090856,3.5335689045936425,2.9205607476635587
2001-03-01,176.2,4.3,5.31,5074.8,4.89,27.244545454545456,135.9,244514.0,91.5,132751.0,1590.0,0.22753128555175195,2.9205607476635587,3.2691185055458316
2001-04-01,176.9,4.4,4.8,5139.1,5.14,27.49,136.4,249113.0,88.4,132458.0,1649.0,0.39727582292850006,3.2691185055458316,3.6151603498542295
2001-05-01,177.7,4.3,4.21,5137.2,5.39,28.62909090909091,136.8,250250.0,92.0,132408.0,1605.0,0.45223289994347216,3.6151603498542295,3.248259860788849
2001-06-01,178.0,4.5,3.97,5180.1,5.28,27.59904761904762,135.5,248836.0,92.6,132300.0,1636.0,0.16882386043894915,3.248259860788849,2.719907407407396
2001-07-01,177.5,4.6,3.77,5210.0,5.24,26.4247619047619,133.4,247336.0,92.4,132172.0,1670.0,-0.2808988764044895,2.719907407407396,2.719907407407396
2001-08-01,177.5,4.9,3.65,5243.8,4.97,27.37391304347826,133.4,249590.0,91.5,132021.0,1567.0,0.0,2.719907407407396,2.648244099021313
2001-09-01,178.3,5.0,3.07,5355.1,4.73,26.199473684210528,133.3,243130.0,81.8,131763.0,1562.0,0.4507042253521165,2.648244099021313,2.126436781609198
2001-10-01,177.7,5.3,2.49,5343.8,4.57,22.169565217391305,130.3,262862.0,82.7,131452.0,1540.0,-0.33651149747617737,2.126436781609198,1.895462377943713
2001-11-01,177.4,5.5,2.09,5387.5,4.65,19.635,129.8,254084.0,83.9,131144.0,1602.0,-0.16882386043892694,1.895462377943713,1.551724137931032
2001-12-01,176.7,5.7,1.82,5440.5,5.09,19.388947368421054,128.1,249879.0,88.8,130983.0,1568.0,-0.3945885005637084,1.551724137931032,1.142204454597362
2002-01-01,177.1,5.7,1.73,5460.9,5.04,19.714761904761904,128.5,250603.0,93.0,130859.0,1698.0,0.22637238256932868,1.142204454597362,1.1376564277588264
2002-02-01,177.8,5.7,1.74,5490.2,4.91,20.723684210526315,128.4,252279.0,90.7,130737.0,1829.0,0.39525691699606735,1.1376564277588264,1.4755959137344066
2002-03-01,178.8,5.7,1.73,5502.0,5.28,24.531,129.8,251542.0,95.7,130722.0,1642.0,0.5624296962879693,1.4755959137344066,1.6393442622950838
2002-04-01,179.8,5.9,1.75,5502.1,5.21,26.179090909090917,130.8,254543.0,93.0,130616.0,1592.0,0.5592841163311046,1.6393442622950838,1.1817670230725996
2002-05-01,179.8,5.8,1.75,5528.3,5.16,27.041363636363634,130.8,252390.0,96.9,130632.0,1764.0,0.0,1.1817670230725996,1.0674157303370846
2002-06-01,179.9,5.8,1.75,5553.3,4.93,25.5185,130.9,253652.0,92.4,130674.0,1717.0,0.05561735261401246,1.0674157303370846,1.4647887323943731
2002-07-01,180.1,5.8,1.73,5596.0,4.65,26.966190476190476,131.2,257339.0,88.1,130584.0,1655.0,0.11117287381878782,1.4647887323943731,1.8028169014084439
2002-08-01,180.7,5.7,1.74,5638.3,4.26,28.385,131.5,259050.0,87.6,130581.0,1633.0,0.3331482509716821,1.8028169014084439,1.5143017386427315
2002-09-01,181.0,5.7,1.75,5662.3,3.87,29.6635,132.3,254081.0,86.1,130502.0,1804.0,0.16602102933038765,1.5143017386427315,2.025886325267323
2002-10-01,181.3,5.7,1.75,5707.1,3.94,28.83652173913044,133.2,256131.0,80.6,130617.0,1648.0,0.16574585635360517,2.025886325267323,2.19842164599775
2002-11-01,181.3,5.9,1.34,5758.1,4.05,26.352105263157892,133.1,256350.0,84.2,130616.0,1753.0,0.0,2.19842164599775,2.376910016977929
2002-12-01,180.9,6.0,1.24,5779.4,4.03,29.460952380952374,132.9,259206.0,86.7,130465.0,1788.0,-0.22062879205736463,2.376910016977929,2.5974025974025983
2003-01-01,181.7,5.8,1.24,5812.1,4.05,32.94714285714286,135.3,261394.0,82.4,130573.0,1853.0,0.44223327805417156,2.5974025974025983,2.9808773903261976
2003-02-01,183.1,5.9,1.26,5848.2,3.9,35.828421052631576,137.6,257531.0,79.9,130441.0,1629.0,0.7705008255366019,2.9808773903261976,3.0201342281878985
2003-03-01,184.2,5.9,1.25,5868.4,3.81,33.513333333333335,141.2,260566.0,77.6,130235.0,1726.0,0.6007646095030017,3.0201342281878985,2.2246941045606317
2003-04-01,183.8,6.0,1.26,5905.5,3.96,28.170476190476197,136.8,261375.0,86.0,130173.0,1643.0,-0.21715526601518986,2.2246941045606317,2.057842046718572
2003-05-01,183.5,6.1,1.26,5965.3,3.57,28.108571428571427,136.7,261392.0,92.1,130197.0,1751.0,-0.16322089227421843,2.057842046718572,2.1122846025569686
2003-06-01,183.7,6.3,1.22,6002.2,3.33,30.66238095238095,138.0,265331.0,89.7,130186.0,1867.0,0.10899182561308063,2.1122846025569686,2.1099389228206533
2003-07-01,183.9,6.2,1.01,6049.1,3.98,30.75454545454545,137.7,267683.0,90.9,130184.0,1897.0,0.10887316276537717,2.1099389228206533,2.158273381294973
2003-08-01,184.6,6.1,1.03,6107.1,4.45,31.573809523809523,138.0,270612.0,89.3,130153.0,1833.0,0.38064165307232223,2.158273381294973,2.3204419889502725
2003-09-01,185.2,6.1,1.01,6079.7,4.27,28.31142857142857,138.5,270212.0,87.7,130252.0,1939.0,0.3250270855904569,2.3204419889502725,2.0408163265306145
2003-10-01,185.0,6.0,1.01,6070.0,4.29,30.33826086956521,139.3,269060.0,89.6,130439.0,1967.0,-0.10799136069113979,2.0408163265306145,1.7650303364588948
2003-11-01,184.5,5.8,1.0,6075.5,4.3,31.10833333333333,138.9,270161.0,93.7,130480.0,2083.0,-0.2702702702702675,1.7650303364588948,1.8794914317302513
2003-12-01,184.3,5.7,0.98,6073.8,4.27,32.12904761904762,139.5,271550.0,92.6,130589.0,2057.0,-0.10840108401083404,1.8794914317302513,1.9262520638414937
2004-01-01,185.2,5.7,1.0,6082.1,4.15,34.31,141.4,272465.0,103.8,130756.0,1911.0,0.48833423765597406,1.9262520638414937,1.6930638995084513
2004-02-01,186.2,5.6,1.01,6121.8,4.08,34.68473684210526,142.1,274360.0,94.4,130821.0,1846.0,0.5399568034557323,1.6930638995084513,1.7372421281216077
2004-03-01,187.4,5.8,1.0,6157.9,3.83,36.74130434782609,143.1,279692.0,95.8,131140.0,1998.0,0.6444683136412444,1.7372421281216077,2.285092491838947
2004-04-01,188.0,5.6,1.0,6198.9,4.35,36.75,144.8,277625.0,94.2,131412.0,2003.0,0.32017075773744796,2.285092491838947,3.051771117166213
2004-05-01,189.1,5.6,1.0,6275.7,4.72,40.275,146.8,281281.0,90.2,131697.0,1981.0,0.5851063829787284,3.051771117166213,3.2661948829613596
2004-06-01,189.7,5.6,1.03,6277.9,4.73,38.025238095238095,147.2,279141.0,95.6,131794.0,1828.0,0.3172924378635589,3.2661948829613596,2.9907558455682492
2004-07-01,189.4,5.5,1.26,6291.1,4.5,40.77809523809524,147.4,281350.0,96.7,131854.0,2002.0,-0.1581444385872377,2.9907558455682492,2.654387865655483
2004-08-01,189.5,5.4,1.43,6317.8,4.28,44.90318181818182,148.0,281006.0,95.9,131939.0,2024.0,0.052798310454060804,2.654387865655483,2.5377969762419017
2004-09-01,189.9,5.4,1.61,6352.2,4.13,45.93571428571428,147.7,286866.0,94.2,132089.0,1905.0,0.21108179419524475,2.5377969762419017,3.189189189189201
2004-10-01,190.9,5.5,1.76,6379.8,4.1,53.28047619047619,150.0,287700.0,91.7,132429.0,2072.0,0.526592943654558,3.189189189189201,3.5230352303523116
2004-11-01,191.0,5.4,1.93,6406.3,4.19,48.469,151.4,289679.0,92.8,132503.0,1782.0,0.05238344683080598,3.5230352303523116,3.255561584373301
2004-12-01,190.3,5.4,2.16,6424.5,4.23,43.14952380952381,150.2,293401.0,97.1,132630.0,2042.0,-0.3664921465968529,3.255561584373301,2.969762419006483
2005-01-01,190.7,5.3,2.28,6430.8,4.22,46.837,150.9,290111.0,95.5,132781.0,2144.0,0.21019442984759884,2.969762419006483,3.0075187969925032
2005-02-01,191.8,5.4,2.5,6438.9,4.17,48.148947368421055,151.6,293710.0,94.1,133034.0,2207.0,0.5768222338752071,3.0075187969925032,3.1483457844183604
2005-03-01,193.3,5.2,2.63,6448.3,4.5,54.186818181818175,153.7,294743.0,92.6,133154.0,1864.0,0.7820646506777829,3.1483457844183604,3.5106382978723483
2005-04-01,194.6,5.2,2.79,6461.8,4.34,52.97904761904762,155.0,297153.0,87.7,133520.0,2061.0,0.6725297465079993,3.5106382978723483,2.8027498677948293
2005-05-01,194.4,5.1,3.0,6479.0,4.14,49.83380952380952,154.3,295314.0,86.9,133689.0,2025.0,-0.10277492291880241,2.8027498677948293,2.530311017395892
2005-06-01,194.5,5.0,3.04,6511.7,4.0,56.35227272727273,154.3,305083.0,96.0,133948.0,2068.0,0.051440329218110925,2.530311017395892,3.167898627243937
2005-07-01,195.4,5.0,3.26,6543.5,4.18,58.99550000000001,156.3,307320.0,96.5,134300.0,2054.0,0.46272493573265017,3.167898627243937,3.641160949868083
2005-08-01,196.4,4.9,3.5,6576.3,4.26,64.98521739130435,157.6,303216.0,89.1,134502.0,2095.0,0.5117707267144223,3.641160949868083,4.686677198525535
2005-09-01,198.8,5.0,3.62,6610.1,4.2,65.58666666666666,162.2,304187.0,76.9,134552.0,2151.0,1.2219959266802416,4.686677198525535,4.347826086956519
2005-10-01,199.2,5.0,3.78,6643.9,4.46,62.260000000000005,166.2,303989.0,74.2,134641.0,2065.0,0.2012072434607548,4.347826086956519,3.4554973821989465
2005-11-01,197.6,5.0,4.0,6660.7,4.54,58.322500000000005,163.7,306566.0,81.6,134997.0,2147.0,-0.8032128514056214,3.4554973821989465,3.4156594850236477
2005-12-01,196.8,4.9,4.16,6687.8,4.47,59.411904761904765,163.0,306723.0,91.5,135159.0,1994.0,-0.4048582995951344,3.4156594850236477,3.9853172522286373
2006-01-01,198.3,4.7,4.29,6730.1,4.42,65.485,164.3,315566.0,91.2,135427.0,2273.0,0.7621951219512146,3.9853172522286373,3.59749739311781
2006-02-01,198.7,4.8,4.49,6754.7,4.57,61.63105263157895,161.8,313440.0,86.7,135733.0,2119.0,0.20171457387794245,3.59749739311781,3.3626487325400856
2006-03-01,199.8,4.7,4.59,6769.3,4.72,62.68521739130435,162.2,314471.0,88.9,136038.0,1969.0,0.5535983895319729,3.3626487325400856,3.5457348406988665
2006-04-01,201.5,4.7,4.79,6806.9,4.99,69.44368421052631,164.3,316094.0,87.4,136210.0,1821.0,0.8508508508508372,3.5457348406988665,4.166666666666674
2006-05-01,202.5,4.6,4.94,6813.7,5.11,70.84409090909091,165.8,314919.0,79.1,136249.0,1942.0,0.496277915632759,4.166666666666674,4.318766066838053
2006-06-01,202.9,4.6,4.99,6851.8,5.11,70.9509090909091,166.1,316978.0,84.9,136337.0,1802.0,0.19753086419753707,4.318766066838053,4.145342886386905
2006-07-01,203.5,4.7,5.24,6893.6,5.09,74.41105263157894,166.8,317984.0,84.7,136529.0,1737.0,0.29571217348447476,4.145342886386905,3.8187372708757605
2006-08-01,203.9,4.7,5.25,6925.1,4.88,73.04304347826087,167.9,318802.0,82.0,136692.0,1650.0,0.19656019656020263,3.8187372708757605,2.062374245472842
2006-09-01,202.9,4.5,5.25,6952.4,4.72,63.798,165.4,316400.0,85.4,136826.0,1720.0,-0.49043648847474364,2.062374245472842,1.3052208835341528
2006-10-01,201.8,4.4,5.25,7001.7,4.73,58.89318181818182,162.2,316145.0,93.6,136843.0,1491.0,-0.5421389847215297,1.3052208835341528,1.9736842105263275
2006-11-01,201.5,4.5,5.25,7037.2,4.6,59.0825,164.6,317123.0,92.1,137060.0,1570.0,-0.14866204162538033,1.9736842105263275,2.5406504065040636
2006-12-01,201.8,4.4,5.24,7080.1,4.56,61.959,165.6,320312.0,91.7,137249.0,1649.0,0.14888337468983437,2.5406504065040636,2.0756429652042385
2007-01-01,202.416,4.6,5.25,7118.3,4.76,54.50619047619048,164.0,320305.0,96.9,137472.0,1409.0,0.30525272547075044,2.0756429652042385,2.415198792148976
2007-02-01,203.499,4.5,5.26,7134.3,4.72,59.27894736842105,166.8,321434.0,91.3,137560.0,1480.0,0.5350367559876723,2.415198792148976,2.7787787787787677
2007-03-01,205.352,4.4,5.26,7168.2,4.56,60.441818181818185,169.3,323708.0,88.4,137784.0,1495.0,0.9105695851085338,2.7787787787787677,2.5736972704714756
2007-04-01,206.686,4.5,5.25,7240.7,4.69,63.977,171.4,322878.0,87.1,137847.0,1490.0,0.6496162686508988,2.5736972704714756,2.6908641975308623
2007-05-01,207.949,4.4,5.25,7254.6,4.75,63.45454545454545,173.3,327266.0,88.3,137992.0,1415.0,0.6110718674704696,2.6908641975308623,2.687037949728932
2007-06-01,208.352,4.6,5.25,7287.8,5.1,67.48904761904762,173.8,324076.0,85.3,138070.0,1448.0,0.19379751766057662,2.687037949728932,2.3582309582309557
2007-07-01,208.299,4.7,5.26,7318.7,5.0,74.11761904761904,175.1,325455.0,90.4,138044.0,1354.0,-0.02543772078021922,2.3582309582309557,1.9700833742030355
2007-08-01,207.917,4.6,5.02,7394.8,4.67,72.35608695652174,172.4,327444.0,83.4,138013.0,1330.0,-0.18339022270870142,1.9700833742030355,2.755051749630355
2007-09-01,208.49,4.7,4.94,7413.0,4.52,79.91473684210526,173.5,328668.0,83.4,138099.0,1183.0,0.2755907405358915,2.755051749630355,3.5361744301288356
2007-10-01,208.936,4.7,4.76,7428.1,4.53,85.7986956521739,174.7,330544.0,80.9,138175.0,1264.0,0.2139191328121237,3.5361744301288356,4.306203473945414
2007-11-01,210.177,4.7,4.49,7453.6,4.15,94.77238095238096,179.0,334021.0,76.1,138290.0,1197.0,0.5939617873415681,4.306203473945414,4.081268582755193
2007-12-01,210.036,5.0,4.24,7483.9,4.1,91.687,178.6,329259.0,75.5,138395.0,1037.0,-0.0670863129647814,4.081268582755193,4.280294047901356
2008-01-01,211.08,5.0,3.94,7517.5,3.74,92.9704761904762,181.0,330478.0,78.4,138391.0,1084.0,0.4970576472604682,4.280294047901356,4.026555413048727
2008-02-01,211.693,4.9,2.98,7604.0,3.74,95.386,182.7,327869.0,70.8,138329.0,1103.0,0.29041121849535667,4.026555413048727,3.981456231251701
2008-03-01,213.528,5.1,2.61,7670.0,3.51,105.454,187.9,328493.0,69.5,138259.0,1005.0,0.8668212930989627,3.981456231251701,3.9368897748275122
2008-04-01,214.823,5.0,2.28,7712.5,3.68,112.58045454545454,190.9,328037.0,62.6,138040.0,1013.0,0.6064778389719416,3.9368897748275122,4.17554304180352
2008-05-01,216.632,5.4,1.98,7725.2,3.88,125.39761904761905,196.6,331088.0,59.8,137851.0,973.0,0.8420886031756281,4.17554304180352,5.0217900476117405
2008-06-01,218.815,5.6,2.0,7743.9,4.1,133.88,200.5,331764.0,56.4,137700.0,1046.0,1.0076996934894167,5.0217900476117405,5.6001229002539565
2008-07-01,219.964,5.8,2.01,7791.2,4.01,133.3709090909091,205.5,330301.0,61.2,137497.0,923.0,0.5251011128121874,5.6001229002539565,5.371855115262347
2008-08-01,219.086,6.1,2.0,7805.8,3.89,116.66619047619048,199.0,327296.0,63.0,137211.0,844.0,-0.39915622556417896,5.371855115262347,4.936927430572191
2008-09-01,218.783,6.1,1.81,7872.4,3.69,104.11428571428571,196.9,321568.0,70.3,136760.0,820.0,-0.13830185406644713,4.936927430572191,3.655186277137501
2008-10-01,216.573,6.5,0.97,7974.9,3.81,76.6086956521739,186.4,308968.0,57.6,136291.0,777.0,-1.010133328457874,3.655186277137501,1.0695746918073956
2008-11-01,212.425,6.8,0.39,8027.0,3.53,57.30947368421053,176.8,295396.0,55.3,135541.0,652.0,-1.9152895328595876,1.0695746918073956,0.09141290064560437
2008-12-01,210.228,7.3,0.16,8204.7,2.42,41.121818181818185,170.9,287571.0,60.1,134847.0,560.0,-1.0342473814287434,0.09141290064560437,0.02984650369528552
2009-01-01,211.143,7.8,0.15,8289.0,2.52,41.71,171.2,292449.0,61.2,134079.0,490.0,0.4352417375421025,0.02984650369528552,0.2361910880378737
2009-02-01,212.193,8.3,0.22,8319.3,2.87,39.08736842105263,169.3,291429.0,56.3,133318.0,582.0,0.49729330359047363,0.2361910880378737,-0.3835562549173832
2009-03-01,212.709,8.7,0.18,8386.4,2.82,47.93909090909092,168.1,286022.0,57.3,132494.0,505.0,0.24317484554154944,-0.3835562549173832,-0.7368857152167174
2009-04-01,213.24,9.0,0.15,8391.1,2.93,49.64666666666666,169.1,287530.0,65.1,131822.0,478.0,0.2496368277788097,-0.7368857152167174,-1.2814357989586078
2009-05-01,213.856,9.4,0.18,8449.2,3.29,59.0285,170.8,290215.0,68.7,131466.0,540.0,0.2888763834177466,-1.2814357989586078,-1.4267760436898702
2009-06-01,215.693,9.5,0.21,8459.3,3.72,69.64090909090909,174.1,295458.0,70.8,131008.0,585.0,0.8589892263953347,-1.4267760436898702,-2.097161353676058
2009-07-01,215.351,9.5,0.16,8463.5,3.56,64.15227272727272,172.5,296928.0,66.0,130662.0,594.0,-0.15855869221532704,-2.097161353676058,-1.4843486119606064
2009-08-01,215.834,9.6,0.16,8463.0,3.59,71.04476190476191,175.0,302871.0,65.7,130472.0,586.0,0.2242850044810618,-1.4843486119606064,-1.2862059666427395
2009-09-01,215.969,9.8,0.15,8461.6,3.4,69.40809523809523,174.1,294449.0,73.5,130246.0,585.0,0.06254806934959944,-1.2862059666427395,-0.1828482774861251
2009-10-01,216.177,10.0,0.12,8487.9,3.39,75.71545454545455,175.2,298067.0,70.6,130061.0,534.0,0.0963101185818438,-0.1828482774861251,1.8382958691302909
2009-11-01,216.33,9.9,0.12,8517.0,3.4,77.99,177.4,300583.0,67.4,130057.0,588.0,0.07077533687673832,1.8382958691302909,2.721331126205828
2009-12-01,215.949,9.9,0.12,8512.2,3.59,74.47,178.1,301959.0,72.5,129808.0,581.0,-0.1761198169463296,2.721331126205828,2.6257086429576137
2010-01-01,216.687,9.8,0.11,8477.7,3.73,78.32578947368421,181.9,302325.0,74.4,129802.0,614.0,0.34174735701484327,2.6257086429576137,2.143331778145363
2010-02-01,216.741,9.8,0.13,8527.3,3.69,76.38736842105263,181.0,302310.0,73.6,129706.0,604.0,0.024920738207656612,2.143331778145363,2.3139594469439473
2010-03-01,217.631,9.9,0.16,8523.5,3.73,81.20347826086957,183.3,309525.0,73.6,129866.0,636.0,0.4106283536571276,2.3139594469439473,2.2364471956480836
2010-04-01,218.009,9.9,0.2,8554.8,3.85,84.29285714285714,184.4,312143.0,72.2,130120.0,687.0,0.1736884910697345,2.2364471956480836,2.0209860840939786
2010-05-01,218.178,9.6,0.2,8609.0,3.42,73.7435,184.8,309158.0,73.6,130642.0,583.0,0.0775197354237811,2.0209860840939786,1.053348972845658
2010-06-01,217.965,9.4,0.18,8628.1,3.2,75.3359090909091,183.5,308588.0,76.0,130510.0,536.0,-0.09762670846739097,1.053348972845658,1.2351927783014638
2010-07-01,218.011,9.4,0.18,8639.5,3.01,76.31952380952382,184.1,309543.0,67.8,130415.0,546.0,0.02110430573716293,1.2351927783014638,1.1481045618392027
2010-08-01,218.312,9.5,0.19,8687.9,2.7,76.59909090909092,184.9,310761.0,68.9,130415.0,599.0,0.13806642784079948,1.1481045618392027,1.143682658159273
2010-09-01,218.439,9.5,0.19,8718.7,2.65,75.24190476190476,184.9,313785.0,68.2,130341.0,594.0,0.058173623071566816,1.143682658159273,1.1721876055269531
2010-10-01,218.711,9.4,0.19,8768.4,2.54,81.89285714285714,186.6,317699.0,67.7,130620.0,543.0,0.12451988884769616,1.1721876055269531,1.1431609115702734
2010-11-01,218.803,9.8,0.19,8789.0,2.76,84.25285714285714,187.7,320695.0,71.6,130749.0,545.0,0.04206464238194485,1.1431609115702734,1.4957235273143077
2010-12-01,219.179,9.3,0.18,8823.2,3.29,89.14590909090909,189.7,323421.0,74.5,130830.0,539.0,0.1718440789203024,1.4957235273143077,1.631846857448771
2011-01-01,220.223,9.1,0.17,8849.0,3.39,89.1705,192.7,325674.0,74.2,130837.0,630.0,0.47632300539741657,1.631846857448771,2.1075846286581656
2011-02-01,221.309,9.0,0.16,8913.3,3.58,88.57842105263158,195.8,328049.0,77.5,131057.0,517.0,0.49313650254514396,2.1075846286581656,2.6816032642408505
2011-03-01,223.467,9.0,0.14,8971.5,3.41,102.85652173913044,199.2,331161.0,67.5,131283.0,600.0,0.97510720305094,2.6816032642408505,3.1636308592764673
2011-04-01,224.906,9.1,0.1,9035.1,3.46,109.5325,203.1,333189.0,69.8,131597.0,554.0,0.6439429535457064,3.1636308592764673,3.568645784634561
2011-05-01,225.964,9.0,0.09,9107.8,3.17,100.90047619047618,204.1,332409.0,74.3,131703.0,561.0,0.4704187527233561,3.568645784634561,3.558828252242341
2011-06-01,225.722,9.1,0.09,9182.1,3.0,96.26409090909092,203.9,335108.0,71.5,131931.0,608.0,-0.10709670566992902,3.558828252242341,3.6287159822210757
2011-07-01,225.922,9.0,0.07,9344.2,3.0,97.3035,204.6,334922.0,63.7,131992.0,623.0,0.08860456667936223,3.6287159822210757,3.7712081791197782
2011-08-01,226.545,9.0,0.1,9531.0,2.3,86.33304347826088,203.2,335163.0,55.8,132125.0,585.0,0.27575889023645495,3.7712081791197782,3.868356841040299
2011-09-01,226.889,9.0,0.08,9551.5,1.98,85.51523809523809,203.7,339011.0,59.5,132344.0,650.0,0.15184621156945077,3.868356841040299,3.5251999213574026
2011-10-01,226.421,8.8,0.07,9584.4,2.15,86.32238095238095,201.1,341058.0,60.8,132553.0,610.0,-0.20626826333582926,3.5251999213574026,3.3943775908008567
2011-11-01,226.23,8.6,0.08,9636.5,2.01,97.1604761904762,201.4,342214.0,63.7,132690.0,711.0,-0.08435613304419443,3.3943775908008567,2.9624188448710953
2011-12-01,225.672,8.5,0.07,9683.9,1.98,98.56285714285715,199.8,343093.0,69.9,132888.0,694.0,-0.24665163771382392,2.9624188448710953,2.9252167121508466
2012-01-01,226.665,8.3,0.08,9757.6,1.97,100.2735,200.7,345656.0,75.0,133246.0,723.0,0.44001914282676413,2.9252167121508466,2.871098780438208
2012-02-01,227.663,8.3,0.1,9809.8,1.97,102.204,201.6,350345.0,75.3,133509.0,704.0,0.4402973551276279,2.871098780438208,2.651398193021781
2012-03-01,229.392,8.2,0.13,9853.9,2.17,106.15772727272729,204.2,351748.0,76.2,133748.0,695.0,0.7594558623930991,2.651398193021781,2.3027398112989372
2012-04-01,230.085,8.2,0.14,9907.7,2.05,103.321,203.7,349722.0,76.4,133825.0,753.0,0.30210295040804525,2.3027398112989372,1.704253774937592
2012-05-01,229.815,8.2,0.16,9951.4,1.8,94.65454545454546,201.9,349064.0,79.3,133932.0,708.0,-0.11734793663211729,1.704253774937592,1.6639937622385137
2012-06-01,229.478,8.2,0.16,10021.6,1.62,82.30333333333333,199.8,345339.0,73.2,134013.0,757.0,-0.14663968844504938,1.6639937622385137,1.4084507042253502
2012-07-01,229.104,8.2,0.16,10074.5,1.53,87.8952380952381,200.1,346936.0,72.3,134157.0,740.0,-0.16297858618254946,1.4084507042253502,1.692378997550148
2012-08-01,230.379,8.1,0.13,10145.6,1.68,94.13130434782607,202.7,351782.0,74.3,134339.0,754.0,0.5565158181437102,1.692378997550148,1.9912820806649911
2012-09-01,231.407,7.8,0.14,10226.1,1.72,94.51368421052632,204.4,354575.0,78.3,134517.0,847.0,0.4462212267611232,1.9912820806649911,2.1623435988711304
2012-10-01,231.317,7.8,0.16,10292.4,1.75,89.4913043478261,203.5,354747.0,82.6,134669.0,915.0,-0.038892514055322014,2.1623435988711304,1.764133846085847
2012-11-01,230.221,7.7,0.16,10361.9,1.65,86.53142857142858,201.8,356158.0,82.7,134825.0,833.0,-0.473808669488196,1.764133846085847,1.741022368747558
2012-12-01,229.601,7.9,0.16,10484.1,1.72,87.8595,201.5,357519.0,72.9,135074.0,976.0,-0.2693064490207231,1.741022368747558,1.5948646681225531
2013-01-01,230.28,8.0,0.14,10508.1,1.91,94.75666666666667,202.5,360257.0,73.8,135257.0,888.0,0.2957304192926058,1.5948646681225531,1.9779235097490577
2013-02-01,232.166,7.7,0.15,10527.5,1.98,95.30894736842104,204.3,365227.0,77.6,135546.0,962.0,0.8190029529268728,1.9779235097490577,1.4738962125967703
2013-03-01,232.773,7.5,0.14,10583.8,1.96,92.9385,204.0,362148.0,78.6,135689.0,1010.0,0.26145085843749527,1.4738962125967703,1.063085381489448
2013-04-01,232.531,7.6,0.15,10611.3,1.76,92.02136363636365,203.5,360499.0,76.4,135873.0,835.0,-0.10396394770870732,1.063085381489448,1.3619650588516885
2013-05-01,232.945,7.5,0.11,10646.1,1.93,94.50954545454546,204.1,362842.0,84.5,136096.0,930.0,0.17804077735872337,1.3619650588516885,1.7544165453768912
2013-06-01,233.504,7.5,0.09,10703.3,2.3,95.7725,204.3,364181.0,84.1,136279.0,839.0,0.2399708085599528,1.7544165453768912,1.9606816118443948
2013-07-01,233.596,7.3,0.09,10742.8,2.58,104.67090909090908,204.4,366243.0,85.1,136391.0,880.0,0.03939975332329926,1.9606816118443948,1.518367559543199
2013-08-01,233.877,7.2,0.08,10801.2,2.74,106.57272727272726,204.2,365543.0,82.1,136646.0,917.0,0.12029315570472043,1.518367559543199,1.184925261552161
2013-09-01,234.149,7.2,0.08,10862.0,2.81,106.2895,203.9,365668.0,77.5,136821.0,850.0,0.11630044852635191,1.184925261552161,0.9636127046434018
2013-10-01,233.546,7.2,0.09,10986.3,2.62,100.53826086956522,202.5,366444.0,73.2,137041.0,925.0,-0.2575283259804717,0.9636127046434018,1.2370722045339066
2013-11-01,233.069,6.9,0.08,10995.6,2.72,93.864,201.2,366868.0,75.1,137317.0,1100.0,-0.2042424190523473,1.2370722045339066,1.501735619618394
2013-12-01,233.049,6.7,0.09,11060.1,2.9,97.6252380952381,202.0,369499.0,82.5,137372.0,1002.0,-0.00858114978825597,1.501735619618394,1.5789473684210575
2014-01-01,233.916,6.6,0.07,11130.8,2.86,94.61714285714284,203.8,366684.0,81.2,137561.0,888.0,0.3720247673236088,1.5789473684210575,1.1263492501055294
2014-02-01,234.781,6.7,0.07,11196.8,2.71,100.81736842105263,205.7,371335.0,81.6,137712.0,944.0,0.3697908650968751,1.1263492501055294,1.51220287576308
2014-03-01,236.293,6.7,0.08,11232.6,2.72,100.80380952380952,207.0,375285.0,80.0,137985.0,970.0,0.6440044126228228,1.51220287576308,1.9528578985167577
2014-04-01,237.072,6.2,0.09,11277.7,2.71,102.0690476190476,208.3,379432.0,84.1,138298.0,1043.0,0.3296754453157691,1.9528578985167577,2.1271115499366777
2014-05-01,237.9,6.3,0.09,11342.8,2.56,102.17714285714284,208.0,379787.0,81.9,138513.0,1007.0,0.34926098400485106,2.1271115499366777,2.0723413731670526
2014-06-01,238.343,6.1,0.1,11398.1,2.6,105.7942857142857,208.3,380618.0,82.5,138849.0,911.0,0.18621269440941557,2.0723413731670526,1.9923286357643066
2014-07-01,238.25,6.2,0.09,11453.0,2.54,103.58863636363638,208.0,381045.0,81.8,139072.0,1085.0,-0.03901939641608454,1.9923286357643066,1.6996113341628316
2014-08-01,237.852,6.1,0.09,11477.3,2.42,96.53619047619048,207.0,384017.0,82.5,139269.0,984.0,-0.1670514165792225,1.6996113341628316,1.657918675715031
2014-09-01,238.031,5.9,0.09,11519.1,2.53,93.21190476190476,206.4,382277.0,84.6,139563.0,1023.0,0.07525688243108508,1.657918675715031,1.664340215632043
2014-10-01,237.433,5.7,0.09,11593.1,2.3,84.39695652173914,203.4,383323.0,86.9,139798.0,1074.0,-0.251227781255392,1.664340215632043,1.3223551823708934
2014-11-01,236.151,5.8,0.09,11634.2,2.33,75.78947368421052,200.9,384459.0,88.8,140089.0,1001.0,-0.5399417941061246,1.3223551823708934,0.7564932696557447
2014-12-01,234.812,5.6,0.12,11717.6,2.21,59.29045454545455,197.0,380682.0,93.6,140364.0,1073.0,-0.5670100910010967,0.7564932696557447,-0.08934831306964819
2015-01-01,233.707,5.7,0.11,11805.2,1.88,47.219,192.0,378518.0,98.1,140568.0,1085.0,-0.4705892373473297,-0.08934831306964819,-0.025129801815304553
2015-02-01,234.722,5.5,0.11,11922.8,1.98,50.58421052631579,191.1,377594.0,95.4,140827.0,886.0,0.43430449237722435,-0.025129801815304553,-0.07363739086643228
2015-03-01,236.119,5.4,0.11,11920.5,2.04,47.82363636363636,191.5,383681.0,93.0,140923.0,960.0,0.595172161109736,-0.07363739086643228,-0.1995174461766891
2015-04-01,236.599,5.4,0.12,11954.6,1.94,54.45285714285714,190.9,383893.0,95.9,141196.0,1190.0,0.2032873254587786,-0.1995174461766891,-0.039932744850779134
2015-05-01,237.805,5.6,0.12,11982.6,2.2,59.265,193.4,387155.0,90.7,141538.0,1079.0,0.5097232025494725,-0.039932744850779134,0.12377120368545214
2015-06-01,238.638,5.3,0.13,12023.2,2.36,59.819545454545455,194.8,387199.0,96.1,141709.0,1205.0,0.3502869998528224,0.12377120368545214,0.1695697796432194
2015-07-01,238.654,5.2,0.13,12067.0,2.32,50.90090909090909,193.9,390953.0,93.1,141991.0,1146.0,0.0067047159295619,0.1695697796432194,0.1950792930057288
2015-08-01,238.316,5.1,0.14,12112.0,2.17,42.86761904761905,191.9,390570.0,91.9,142125.0,1130.0,-0.14162762828194841,0.1950792930057288,-0.03612974780596856
2015-09-01,237.945,5.0,0.14,12173.9,2.17,45.47952380952381,189.1,388551.0,87.2,142275.0,1224.0,-0.15567565753034085,-0.03612974780596856,0.17057443573555986
2015-10-01,237.838,5.0,0.12,12225.2,2.07,46.22363636363636,187.5,387066.0,90.0,142579.0,1058.0,-0.044968375044651676,0.17057443573555986,0.5017975786678841
2015-11-01,237.336,5.1,0.12,12317.0,2.26,42.4435,185.7,388530.0,91.3,142808.0,1172.0,-0.21106803790814643,0.5017975786678841,0.7295197860415881
2015-12-01,236.525,5.0,0.24,12387.9,2.24,37.18863636363636,183.5,389551.0,92.6,143077.0,1146.0,-0.34170964371187385,0.7295197860415881,1.3730868138309926
2016-01-01,236.916,4.8,0.34,12518.5,2.09,31.683157894736844,182.6,387483.0,92.0,143210.0,1092.0,0.16531022090686687,1.3730868138309926,1.0177997801654737
2016-02-01,237.111,4.9,0.38,12603.9,1.78,30.323,181.3,390029.0,91.7,143406.0,1225.0,0.0823076533454925,1.0177997801654737,0.8525362211427412
2016-03-01,238.132,5.0,0.36,12661.8,1.89,37.54636363636364,182.1,388998.0,91.0,143662.0,1111.0,0.4306000143392774,0.8525362211427412,1.125110418894426
2016-04-01,239.261,5.1,0.37,12743.2,1.81,40.7552380952381,183.2,391112.0,89.0,143854.0,1163.0,0.4741067979104008,1.125110418894426,1.019322554193569
2016-05-01,240.229,4.8,0.37,12802.0,1.81,46.71238095238096,185.3,392299.0,94.7,143900.0,1148.0,0.4045790998115084,1.019322554193569,0.9973264945230875
2016-06-01,241.018,4.9,0.38,12852.5,1.64,48.75727272727273,187.6,397113.0,93.5,144147.0,1203.0,0.32843661672818936,0.9973264945230875,0.8271388704987004
2016-07-01,240.628,4.8,0.39,12911.9,1.5,44.6515,187.7,396545.0,90.0,144520.0,1239.0,-0.1618136404749948,0.8271388704987004,1.0628745027610353
2016-08-01,240.849,4.9,0.4,12989.7,1.56,44.72434782608696,186.6,396293.0,89.8,144661.0,1171.0,0.09184301078843937,1.0628745027610353,1.4637836474815646
2016-09-01,241.428,5.0,0.4,13054.9,1.63,45.18238095238095,186.9,398797.0,91.2,144967.0,1068.0,0.2403995864628916,1.4637836474815646,1.6359875209176034
2016-10-01,241.729,4.9,0.4,13122.8,1.76,49.775238095238095,186.7,399637.0,87.2,145065.0,1313.0,0.12467485130143174,1.6359875209176034,1.6925371625037933
2016-11-01,241.353,4.7,0.41,13208.7,2.14,45.66095238095238,186.3,398680.0,93.8,145183.0,1140.0,-0.15554608673349346,1.6925371625037933,2.074622132966919
2016-12-01,241.432,4.7,0.54,13234.9,2.49,51.9704761904762,188.2,405114.0,98.2,145408.0,1252.0,0.03273213923173923,2.074622132966919,2.5000422090529995
2017-01-01,242.839,4.7,0.65,13315.7,2.43,52.504,190.7,408269.0,98.5,145628.0,1190.0,0.5827727890254764,2.5000422090529995,2.7379581714893186
2017-02-01,243.603,4.6,0.66,13394.8,2.42,53.46842105263158,191.6,408155.0,96.3,145846.0,1271.0,0.3146117386416458,2.7379581714893186,2.3806124334402767
2017-03-01,243.801,4.4,0.79,13463.6,2.48,49.32782608695652,191.5,407630.0,96.9,145970.0,1190.0,0.08127978719472129,2.3806124334402767,2.199689878417299
2017-04-01,244.524,4.4,0.9,13521.7,2.3,51.060526315789474,193.0,409134.0,97.0,146175.0,1146.0,0.2965533365326678,2.199689878417299,1.8748777208413614
2017-05-01,244.733,4.4,0.91,13568.9,2.3,48.47636363636364,192.8,406609.0,97.1,146380.0,1157.0,0.08547218268963874,1.8748777208413614,1.633487955256463
2017-06-01,244.955,4.3,1.04,13580.5,2.19,45.17772727272728,193.6,409067.0,95.0,146583.0,1249.0,0.09071110148610728,1.633487955256463,1.727978456372492
2017-07-01,244.786,4.3,1.15,13643.1,2.32,46.630526315789474,193.5,409113.0,93.4,146772.0,1206.0,-0.06899226388520363,1.727978456372492,1.9389742120581754
2017-08-01,245.519,4.4,1.16,13697.7,2.21,48.03695652173913,193.8,409606.0,96.8,146919.0,1159.0,0.29944522971085963,1.9389742120581754,2.2329638650032235
2017-09-01,246.819,4.3,1.15,13745.1,2.2,49.822,194.8,419021.0,95.1,147008.0,1181.0,0.5294905893230117,2.2329638650032235,2.0411287019761692
2017-10-01,246.663,4.2,1.15,13800.1,2.36,51.57772727272727,194.9,418999.0,100.7,147149.0,1257.0,-0.06320421037276924,2.0411287019761692,2.202582938683184
2017-11-01,246.669,4.2,1.16,13843.5,2.35,56.63857142857143,195.9,423224.0,98.5,147372.0,1273.0,0.0024324685907517463,2.202582938683184,2.1090824745684245
2017-12-01,246.524,4.1,1.3,13881.7,2.4,57.8815,196.3,425545.0,95.9,147523.0,1177.0,-0.058783227726233456,2.1090824745684245,2.0705076202751638
2018-01-01,247.867,4.0,1.41,13900.3,2.58,63.69857142857144,197.9,423202.0,95.7,147660.0,1299.0,0.5447745452775266,2.0705076202751638,2.2117954212386604
2018-02-01,248.991,4.1,1.42,13949.3,2.86,62.22947368421052,199.3,425507.0,99.7,148054.0,1277.0,0.45346899748657243,2.2117954212386604,2.3597114039729084
2018-03-01,249.554,4.0,1.51,14012.7,2.84,62.72476190476191,199.3,425087.0,101.4,148280.0,1318.0,0.2261125904149175,2.3597114039729084,2.462743943334811
2018-04-01,250.546,4.0,1.69,14035.9,2.87,66.25380952380952,200.3,425899.0,98.8,148420.0,1276.0,0.3975091563348965,2.462743943334811,2.8010117148075553
2018-05-01,251.588,3.8,1.7,14092.4,2.98,69.97818181818182,203.2,432340.0,98.0,148742.0,1357.0,0.4158916925434797,2.8010117148075553,2.87154783531669
2018-06-01,251.989,4.0,1.82,14137.2,2.91,67.87333333333333,204.2,430008.0,98.2,148960.0,1192.0,0.1593875701543901,2.87154783531669,2.9495150866471143
2018-07-01,252.006,3.8,1.91,14174.6,2.89,70.98142857142857,204.3,432070.0,97.9,149020.0,1208.0,0.006746326228523891,2.9495150866471143,2.6991801041874375
2018-08-01,252.146,3.8,1.91,14223.2,2.89,68.05565217391305,203.4,432031.0,96.2,149277.0,1288.0,0.055554232835719475,2.6991801041874375,2.2769721941990007
2018-09-01,252.439,3.7,1.95,14245.5,3.0,70.2321052631579,203.6,431438.0,100.1,149358.0,1250.0,0.11620251758901468,2.2769721941990007,2.5224699286070296
2018-10-01,252.885,3.8,2.19,14256.6,3.15,70.74869565217391,204.6,435894.0,98.6,149527.0,1221.0,0.1766763455725906,2.5224699286070296,2.176601032152403
2018-11-01,252.038,3.8,2.2,14282.8,3.12,56.9635,202.3,438612.0,97.5,149617.0,1181.0,-0.3349348518100981,2.176601032152403,1.9101588486313714
2018-12-01,251.233,3.9,2.27,14386.8,2.83,49.522777777777776,201.0,428932.0,98.3,149809.0,1095.0,-0.31939628151310684,1.9101588486313714,1.5512351381991252
2019-01-01,251.712,4.0,2.4,14459.7,2.71,51.37571428571429,199.1,430246.0,91.2,150060.0,1226.0,0.19065966652469513,1.5512351381991252,1.520135265933309
2019-02-01,252.776,3.8,2.4,14506.3,2.68,54.95473684210527,199.2,431194.0,93.8,150067.0,1121.0,0.4227053140096748,1.520135265933309,1.8625227405691724
2019-03-01,254.202,3.8,2.41,14557.5,2.57,58.151428571428575,200.8,438196.0,98.4,150295.0,1191.0,0.5641358356806014,1.8625227405691724,1.9964397755302565
2019-04-01,255.548,3.7,2.42,14594.7,2.53,63.86238095238095,202.1,437735.0,97.2,150591.0,1272.0,0.5295001612890538,1.9964397755302565,1.7902284687663972
2019-05-01,256.092,3.6,2.39,14704.4,2.4,60.82681818181818,201.7,442514.0,100.0,150618.0,1293.0,0.21287585893843275,1.7902284687663972,1.6484846560762545
2019-06-01,256.143,3.6,2.38,14802.8,2.07,54.657500000000006,200.3,442116.0,98.2,150838.0,1243.0,0.019914718148150712,1.6484846560762545,1.8114648063935146
2019-07-01,256.571,3.7,2.4,14886.8,2.06,57.35809523809524,200.7,445304.0,98.4,150937.0,1240.0,0.16709416224534035,1.8114648063935146,1.7497798894291483
2019-08-01,256.558,3.6,2.13,14974.4,1.63,54.80590909090909,199.2,448519.0,89.8,151169.0,1375.0,-0.005066823608290694,1.7497798894291483,1.7113045131695204
2019-09-01,256.759,3.5,2.04,15047.0,1.7,56.947,198.4,444555.0,93.2,151365.0,1311.0,0.07834485769300237,1.7113045131695204,1.7640429444213845
2019-10-01,257.346,3.6,1.83,15184.1,1.71,53.96304347826087,198.6,445627.0,95.5,151460.0,1325.0,0.22861905522297832,1.7640429444213845,2.0512779818916194
2019-11-01,257.208,3.6,1.55,15296.0,1.81,57.048947368421054,199.0,449040.0,96.8,151667.0,1353.0,-0.053624303466914824,2.0512779818916194,2.2851297401217163
2019-12-01,256.974,3.6,1.55,15347.5,1.86,59.81666666666667,199.0,449643.0,99.3,151794.0,1548.0,-0.09097695250538385,2.2851297401217163,2.4865719552504606
2020-01-01,257.971,3.6,1.55,15427.1,1.76,57.519047619047626,199.3,447774.0,99.8,152031.0,1581.0,0.3879769937814803,2.4865719552504606,2.3348735639459495
2020-02-01,258.678,3.5,1.58,15493.4,1.5,50.54263157894737,196.7,447972.0,101.0,152293.0,1549.0,0.2740618131495287,2.3348735639459495,1.5393269919198094
2020-03-01,258.115,4.4,0.65,16033.0,0.87,29.20772727272728,193.1,420954.0,89.1,150895.0,1266.0,-0.21764510317846542,1.5393269919198094,0.3290966863368272
2020-04-01,256.389,14.8,0.05,17065.3,0.66,16.547619047619047,185.5,370296.0,71.8,130426.0,936.0,-0.6686941866997254,0.3290966863368272,0.11792637021070806
2020-05-01,256.394,13.2,0.05,17932.9,0.67,28.5625,188.6,437957.0,72.3,133040.0,1039.0,0.0019501616683959,0.11792637021070806,0.6457330475554857
2020-06-01,257.797,11.0,0.08,18184.3,0.73,38.307272727272725,191.2,465800.0,78.1,137671.0,1266.0,0.5472046927775365,0.6457330475554857,0.9860818253037085
2020-07-01,259.101,10.2,0.09,18335.4,0.62,40.71045454545455,193.0,471873.0,72.5,139255.0,1526.0,0.5058243501669724,0.9860818253037085,1.3096453823307153
2020-08-01,259.918,8.4,0.1,18411.2,0.65,42.33904761904762,194.3,473696.0,74.1,140821.0,1396.0,0.31532105240814623,1.3096453823307153,1.3713248610564666
2020-09-01,260.28,7.8,0.09,18602.5,0.68,39.63428571428571,195.5,482702.0,80.4,141770.0,1473.0,0.13927469432666317,1.3713248610564666,1.1820661677274913
2020-10-01,260.388,6.9,0.09,18757.6,0.79,39.39590909090909,196.5,480763.0,81.8,142460.0,1543.0,0.04149377593360981,1.1820661677274913,1.1745357842679605
2020-11-01,260.229,6.7,0.09,18997.0,0.87,40.93736842105263,198.3,478079.0,76.9,142733.0,1543.0,-0.061062721784410634,1.1745357842679605,1.3620054947193205
2020-12-01,260.474,6.7,0.09,19115.7,0.93,47.025,200.5,485949.0,80.7,142548.0,1614.0,0.09414784670425114,1.3620054947193205,1.3997697415600863
2021-01-01,261.582,6.4,0.09,19379.0,1.08,52.008421052631576,204.8,501604.0,79.0,142863.0,1630.0,0.42537834870275404,1.3997697415600863,1.6762152173745104
2021-02-01,263.014,6.2,0.08,19641.8,1.26,59.04631578947369,210.6,488805.0,76.8,143380.0,1404.0,0.5474382793923205,1.6762152173745104,2.619762508959189
2021-03-01,264.877,6.1,0.07,19873.2,1.61,62.33304347826088,215.0,539607.0,84.9,144232.0,1696.0,0.7083273133749568,2.619762508959189,4.15969483870211
2021-04-01,267.054,6.1,0.07,20176.9,1.64,61.71666666666666,217.9,542199.0,88.3,144587.0,1495.0,0.8218909154060094,4.15969483870211,4.992706537594471
2021-05-01,269.195,5.8,0.06,20460.4,1.62,65.1695,224.9,536589.0,82.9,145065.0,1589.0,0.8017105154762838,4.992706537594471,5.391451413321335
2021-06-01,271.696,5.9,0.08,20477.8,1.52,71.37818181818182,228.9,540152.0,85.5,145820.0,1650.0,0.929066290235725,5.391451413321335,5.365475239385398
2021-07-01,273.003,5.4,0.1,20633.3,1.32,72.4852380952381,231.85,528600.0,81.2,146762.0,1597.0,0.4810523526293853,5.365475239385398,5.251271554874992
2021-08-01,273.567,5.1,0.09,20840.9,1.28,67.73045454545455,233.415,532477.0,70.3,147314.0,1594.0,0.206591136361145,5.251271554874992,5.390348855079163
2021-09-01,274.31,4.7,0.08,20981.0,1.37,71.64619047619047,235.678,536651.0,72.8,147771.0,1577.0,0.2715970859058281,5.390348855079163,6.221868903328898
2021-10-01,276.589,4.5,0.08,21160.6,1.58,81.47666666666666,240.465,545361.0,71.7,148572.0,1579.0,0.8308118552003085,6.221868903328898,6.809002839806477
2021-11-01,277.948,4.1,0.08,21335.5,1.56,79.14750000000001,243.287,551082.0,67.4,149230.0,1705.0,0.4913427504347645,6.809002839806477,7.036402865545144
2021-12-01,278.802,3.9,0.08,21498.5,1.47,71.71181818181819,241.338,547277.0,70.6,149816.0,1722.0,0.3072517161483601,7.036402865545144,7.479872468289117
2022-01-01,281.148,4.0,0.08,21650.1,1.76,83.22200000000001,246.453,560257.0,67.2,150006.0,1702.0,0.8414573783545265,7.479872468289117,7.871063897739283
2022-02-01,283.716,3.9,0.08,21725.2,1.93,91.64105263157894,252.66,563777.0,62.8,150825.0,1735.0,0.9133979256476854,7.871063897739283,8.542455554842432
2022-03-01,287.504,3.7,0.2,21787.2,2.13,108.50260869565216,260.014,574485.0,59.4,151315.0,1712.0,1.3351379548562692,8.542455554842432,8.258629340882372
2022-04-01,289.109,3.7,0.33,21769.4,2.75,101.7775,265.31,580943.0,65.2,151623.0,1820.0,0.5582531025655202,8.258629340882372,8.581511543676523
2022-05-01,292.296,3.6,0.77,21719.9,2.9,109.55238095238094,273.251,579844.0,58.4,151924.0,1531.0,1.1023523999598828,8.581511543676523,9.059757964784154
2022-06-01,296.311,3.6,1.21,21651.5,3.14,114.83714285714284,280.251,585556.0,50.0,152358.0,1551.0,1.3736075758819855,9.059757964784154,8.52481474562552
2022-07-01,296.276,3.5,1.68,21652.9,2.9,101.619,272.274,579267.0,51.5,153072.0,1381.0,-0.011811913833770227,8.52481474562552,8.262692503116241
2022-08-01,296.171,3.6,2.33,21638.4,2.9,93.66521739130437,269.546,581196.0,58.2,153362.0,1531.0,-0.03543992763505033,8.262692503116241,8.20166964383362
2022-09-01,296.808,3.5,2.56,21536.7,3.52,84.25809523809524,267.898,579446.0,58.6,153582.0,1488.0,0.21507845130008807,8.20166964383362,7.7454273308049215
2022-10-01,298.012,3.6,3.08,21461.7,3.98,87.5547619047619,265.061,585006.0,59.9,153939.0,1435.0,0.4056494434112379,7.7454273308049215,7.110322794191726
2022-11-01,297.711,3.6,3.78,21406.7,3.89,84.37047619047618,263.157,576356.0,56.7,154242.0,1424.0,-0.10100264418881899,7.110322794191726,6.4544013314108195
2022-12-01,296.797,3.5,4.1,21290.9,3.62,76.43714285714286,257.897,569119.0,59.8,154342.0,1308.0,-0.30700914645410693,6.4544013314108195,6.410146968856267
2023-01-01,299.17,3.5,4.33,21279.9,3.53,78.123,260.227,591964.0,64.9,154776.0,1361.0,0.7995363834540026,6.410146968856267,6.035613077866597
2023-02-01,300.84,3.6,4.57,21243.7,3.75,76.83263157894737,258.669,586165.0,66.9,155066.0,1399.0,0.5582110505732318,6.035613077866597,4.984974122099173
2023-03-01,301.836,3.5,4.65,20947.4,3.66,73.27782608695652,257.062,578812.0,62.0,155134.0,1377.0,0.33107299561230263,4.984974122099173,4.930320398188925
2023-04-01,303.363,3.4,4.83,20761.4,3.46,79.44631578947369,256.908,583874.0,63.7,155375.0,1354.0,0.5059038683258521,4.930320398188925,4.047609272791974
2023-05-01,304.127,3.6,5.06,20829.6,3.57,71.57818181818182,253.67,586286.0,59.0,155655.0,1584.0,0.25184350102023245,4.047609272791974,2.9691776545588855
2023-06-01,305.109,3.6,5.08,20799.4,3.75,70.24809523809525,253.86,588670.0,64.2,155880.0,1421.0,0.3228914236486524,2.9691776545588855,3.177780177942169
2023-07-01,305.691,3.5,5.12,20791.4,3.9,76.0695,253.835,589257.0,71.5,156043.0,1460.0,0.19075150192227053,3.177780177942169,3.6651123843995492
2023-08-01,307.026,3.7,5.33,20777.5,4.17,81.38608695652174,257.68,595191.0,69.4,156261.0,1317.0,0.4367155068353501,3.6651123843995492,3.69969812134443
2023-09-01,307.789,3.7,5.33,20747.8,4.38,89.425,258.934,598956.0,67.8,156417.0,1371.0,0.24851315523766182,3.69969812134443,3.241144651893202
2023-10-01,307.671,3.9,5.33,20732.9,4.8,85.63952380952381,255.192,595517.0,63.8,156576.0,1368.0,-0.03833795229848391,3.241144651893202,3.1372707088417773
2023-11-01,307.051,3.7,5.33,20746.4,4.5,77.685,252.856,593567.0,61.3,156703.0,1514.0,-0.20151395484137025,3.1372707088417773,3.3521228314302265
2023-12-01,306.746,3.8,5.33,20777.8,4.02,71.9,249.866,594256.0,69.7,156857.0,1521.0,-0.09933203278934544,3.3521228314302265,3.0908847812280538
2024-01-01,308.417,3.7,5.33,20843.7,4.06,74.15238095238095,251.306,588944.0,79.0,157032.0,1381.0,0.5447503797930464,3.0908847812280538,3.1531711208615976
2024-02-01,310.326,3.9,5.33,20926.9,4.21,77.249,254.926,593206.0,76.9,157238.0,1552.0,0.6189671775550742,3.1531711208615976,3.4773850700380304
2024-03-01,312.332,3.9,5.33,20973.2,4.21,81.27799999999999,255.095,595969.0,79.4,157466.0,1312.0,0.6464169937420605,3.4773850700380304,3.357363950119163
2024-04-01,313.548,3.9,5.33,20958.8,4.54,85.34727272727274,256.978,595676.0,77.2,157530.0,1385.0,0.3893293034335388,3.357363950119163,3.2690290569400204
2024-05-01,314.069,3.9,5.33,21019.9,4.48,80.02454545454545,255.313,600372.0,69.1,157608.0,1316.0,0.1661627565795465,3.2690290569400204,2.971397107263307
2024-06-01,314.175,4.1,5.33,21067.7,4.31,79.76736842105262,255.914,599979.0,68.2,157695.0,1327.0,0.03375054526233434,2.971397107263307,2.8947531984913066
2024-07-01,314.54,4.2,5.33,21094.4,4.25,81.80045454545454,257.321,605814.0,66.4,157748.0,1265.0,0.11617728972705965,2.8947531984913066,2.5307302964569622
2024-08-01,314.796,4.2,5.33,21185.8,3.87,76.68318181818182,255.463,603601.0,67.9,157757.0,1391.0,0.08138869460163622,2.5307302964569622,2.440633031069983
2024-09-01,315.301,4.1,5.13,21268.6,3.72,70.236,252.682,608774.0,70.1,157912.0,1357.0,0.16042135224081377,2.440633031069983,2.597904904914672
2024-10-01,315.664,4.1,4.83,21331.0,4.1,71.985,253.081,612772.0,70.5,157945.0,1352.0,0.11512808395786056,2.597904904914672,2.7493803960905616
2024-11-01,315.493,4.2,4.64,21451.6,4.36,69.95,253.211,616344.0,71.8,158079.0,1295.0,-0.05417152415225779,2.7493803960905616,2.888057219980067
2024-12-01,315.605,4.1,4.48,21485.3,4.39,70.11809523809524,253.423,621713.0,74.0,158316.0,1514.0,0.035499995245547034,2.888057219980067,3.0004831121501097
2025-01-01,317.671,4.0,4.33,21547.6,4.63,75.74249999999999,257.36,615145.0,71.7,158268.0,1358.0,0.6546157380269646,3.0004831121501097,2.82154895174751
2025-02-01,319.082,4.2,4.33,21613.2,4.45,71.53315789473685,259.498,616636.0,64.7,158310.0,1490.0,0.4441702264292413,2.82154895174751,2.3907252538964974
2025-03-01,319.799,4.2,4.33,21693.5,4.28,68.23904761904762,258.525,625525.0,57.0,158377.0,1355.0,0.22470712857509678,2.3907252538964974,2.3112888616734883
2025-04-01,320.795,4.2,4.33,21775.5,4.28,63.53666666666667,258.392,623521.0,52.2,158485.0,1398.0,0.31144562678433463,2.3112888616734883,2.354896535474671
2025-05-01,321.465,4.3,4.33,21833.8,4.42,62.16761904761905,258.678,618037.0,52.2,158498.0,1282.0,0.2088561230692454,2.354896535474671,2.669213018222316
2025-06-01,322.561,4.1,4.33,21938.7,4.38,68.16900000000001,260.491,624146.0,60.7,158478.0,1382.0,0.34093913800881115,2.669213018222316,2.7049023971513986
2025-07-01,323.048,4.3,4.33,22019.9,4.39,68.39090909090909,262.358,628747.0,61.7,158542.0,1420.0,0.15097919463296083,2.7049023971513986,2.9161742842984006
2025-08-01,323.976,4.3,4.33,22086.8,4.26,64.86428571428571,262.11,632149.0,58.2,158472.0,1291.0,0.2872638121889093,2.9161742842984006,3.0126767755256134
2025-09-01,324.8,4.4,4.22,22169.8,4.12,63.95904761904762,262.054,632395.0,55.1,158548.0,1328.0,0.2543398276415587,3.0126767755256134,2.8942166354098076
2025-10-01,,,4.09,22250.4,4.06,60.89454545454546,260.591,631346.0,53.6,158408.0,1272.0,0.0,2.8942166354098076,2.735084455122627
2025-11-01,324.122,4.5,3.88,22296.5,4.09,60.06222222222222,261.914,634477.0,51.0,158449.0,1324.0,-0.2087438423645338,2.735084455122627,2.6770805278750087
2025-12-01,324.054,4.4,3.72,22386.9,4.14,57.97227272727272,261.349,634830.0,52.9,158432.0,1387.0,-0.020979754536887274,2.6770805278750087,2.386431244904319
2026-01-01,325.252,4.3,3.64,22469.1,4.21,60.037,263.485,634949.0,56.4,158592.0,1487.0,0.36969147117456025,2.386431244904319,2.4141129866304123
2026-02-01,326.785,4.4,3.64,22667.3,4.13,64.50842105263159,269.296,639691.0,56.6,158459.0,,0.4713268481054689,2.4141129866304123,3.2564204390883145
2026-03-01,330.213,4.3,3.64,,4.25,91.38363636363636,274.102,651843.0,,158637.0,,1.0490077573940049,3.2564204390883145,2.9358312941286435
